clinic_name,locality,rating,reviews_total,website,instagram,ig_followers
iSkin clinic,Bilekahalli (BTS Layout),4.9,2318,https://www.iskinclinic.in/,not_found,
SkinOcare- Skin & Hair Clinic,Virat Nagar Bommanahalli,4.9,1364,https://skinocareapp.com/,skinocare.co.in (handle not_found - verify),
The Aesthetic Edge,Bellandur,4.8,1348,https://theaestheticedge.in/,theaestheticedge__,12376
Skinray Skin & Hair Clinic,HSR Layout (Ambalipura),4.6,801,https://www.skinray.in/,skinray_clinic,2631
SKYE - Skin & Hair Sciences Clinics,HSR Layout Sector 5,4.7,564,https://clinicia.com/calendar/book?u=sukeshms,not_found,
SK Truderma,Doddakannelli (Sarjapur Rd),4.6,529,http://www.sktruderma.com/,sktruderma,17043
Dr Shishira R J - Skin Aura Clinic,HSR Layout Sector 3,4.9,498,https://skinauraclinichsr.com/,not_found,
Derma Elite Skin Care Clinic (Dr. Shilpa YK),HSR Layout Sector 3,4.7,402,http://dermaelite.in/,derma_elite_skincare,1858
Aiconic Skin Clinic,HSR Layout Sector 6,4.7,393,http://drnamratasingh.com/,not_found,
Yogin's Clinic,Arekere (Bannerghatta Rd),4.8,330,https://yoginsclinic.com/,not_found,
SkinCure Clinic - Dr. Ashish B Shetty,Kodichikknahalli / Bilekahalli,4.8,329,https://www.shettysskincure.com/,not_found,
Dr Veena Rao's Aviva Skin Aesthetic,Vijaya Bank Layout Bilekahalli,4.9,314,http://www.avivaskinaesthetics.com/,not_found,
DermaVeda - Rooted skin & hair clinic,Doddakannelli (Sarjapur Rd),4.6,287,https://drravis.co.in/,not_found,
SkinWise Clinic by Dr Khushboo,Carmelaram / Chikkakannalli,4.7,266,https://skinwise.clinic/,skinwise_clinic,6620
Skin Spring Cosmetic and Wellness Clinic,Hosapalaya HSR Layout,4.8,245,https://skinspring.in/,skinspring_wellnesscenter,132
Dr Dharam's Skin O' Hair Clinic,BTM 1st Stage,4.9,218,https://skinohair.com/,drdharamsskinohairclinic,6415
Neo Hair and skin clinic,Neeladri Nagar Electronic City,4.7,201,,,
Pigment Skin And Hair Clinic,Haralur / Ambalipura,4.9,197,https://www.pigmentclinics.in/,pigmentclinics,314
Aesthetic Grandeur Multispeciality Clinic,Konappana Agrahara Bommanahalli,4.9,172,http://aestheticgrandeurclinics.com/,aesthetic_grandeur_clinic,12839
Swasthya Clinic & Trichology Centre,Sarjapura,4.8,160,http://swasthyagroup.com/,not_found,
Navya's Skin & Hair Clinic,Kasavanahalli,4.9,148,,,
Allure Skin Hair Laser Clinic,HSR Layout Sector 3,4.9,141,https://allureskincare.co/,not_found,
Dr Jyothshna's Skin Hair & Laser Clinic,Konappana Agrahara Electronic City,4.6,134,,dr_jyothshnaskinclinic,138
Dr.Renu's Skin & Hair Clinic,HSR Layout Sector 7,4.5,126,https://renu.doctor/,drrenuskinclinic,326
Advaya Skin Clinic,Arekere (Bannerghatta Rd),4.5,121,,,
Kritash Skin and Aesthetic Clinic,Kaikondrahalli,4.3,111,https://kritashskinclinic.com/,not_found,
Layers Skin & Hair Clinic,HSR Layout Sector 2,4.5,109,https://layersclinics.com/,layersclinics,48110
Skinray Skin & Hair Clinic,Dommasandra,4.9,107,https://www.skinray.in/,skinray_clinic,2631
