Clinic Name,Clinic Website,Insta Handle,LinkedIn
The Aesthetic Edge,https://theaestheticedge.in/,https://www.instagram.com/theaestheticedge__/,https://www.linkedin.com/company/the-aesthetic-edge/?originalSubdomain=in
Calyx Skin Lab - Indiranagar,https://derm.calyxskinlab.com/mole-removal?utm_source=google&utm_medium=ppc&utm_campaign=INDR_Dermatosurgery&utm_term=laser%20mole%20removal&ads_group=INDR_Mole_Removal&gad_source=1&gad_campaignid=22135492301&gbraid=0AAAAA-Ql4WYg2FyhlFrYpdJ1mTsU8Fgsb&gclid=CjwKCAjwyuDTBhB-EiwANCQhLEd9nx8Im_4o6EMFLezzfUcQ6r9_KyGOTLFXGst9hj_ytO0evDkwyRoCtg4QAvD_BwE,,
Augusté Skin,https://augusteskin.com/,https://www.instagram.com/augusteskin/,
"Aestheticaa by Dr Madhulika ",https://aestheticaabymadhulika.com/,https://www.instagram.com/aestheticaa_drmadhulika/,
Aurilueur Esthetic Clinic,https://www.aurilueur.com/,https://www.instagram.com/aurilueurestheticclinic/,
Metphi Clinic,https://www.metphi.com/,https://www.instagram.com/metphiclinic,
KEZA Skin And Hair Clinic,https://kezaclinic.com/,https://www.instagram.com/kezaskinandhairclinic/,
Maya Medi Spa ,https://mayamedispa.in/,,
New Look Skin Hair And Laser Clinic,https://newlookskinandhairclinic.com/,https://www.instagram.com/newlooklc/,
"SUTVACHA ",https://sutvachaofficial.com/,https://www.instagram.com/sutvacha/,
Seoulful Aesthetic Clinic ,https://seoulfulkoreancare.com/,https://www.instagram.com/seoulful.korean_care,
Pearl Aesthetic,https://www.pearlaesthetic.in/,https://www.instagram.com/pearl_aesthetic_clinic/,
Livglam Anti-Ageing Clinic,https://www.livglam.com/,https://www.instagram.com/livglamclinics/,
Aurilueur Esthetic Clinic,https://www.aurilueur.com/,https://www.instagram.com/aurilueurestheticclinic/,
Pigment Skin And Hair Clinic ,https://pigmentclinics.in/,https://www.instagram.com/pigmentclinics/,
Dr. Sunaina Hameed – Advanced Dermatology & Skin Care Center |,http://www.drsunaina.com/,https://www.instagram.com/sunainahameed/,
REGENIQUE - Advanced Dermatology & Aesthetics Center,https://regenique.in/skin-clinic-whitefield/,https://www.instagram.com/regeniqueskin/,
Meraki Aesthetics Dermatology & Cosmetology Clinic,https://www.merakiaesthetics.in/?utm_source=google_profile&utm_campaign=localo&utm_medium=mainlink,https://www.instagram.com/merakiaesthetics.in/,
DermaGlo Laser Skin Clinic,https://www.dermaglo.in/,https://www.instagram.com/dermaglo_laserskin_clinic/,
"ZIUR Skin, Hair & Laser Clinic",https://ziurwellness.com/,,
"Skinray Clinic, Dommasandra",https://www.skinray.in/,https://www.instagram.com/skinray_clinic/?hl=en,
Sun Light Skin Clinic,https://www.sunlightskinclinic.com/#about,,
"Avance Derma Skin, Hair & Laser Clinic",https://www.avancederma.com/,,
Rock Aesthetics Clinic,https://rockaestheticsclinic.com/,https://www.instagram.com/rockaestheticsclinic,